{
  "weights": {
    "sg_ott": 0.04381,
    "sg_app": 0.189609,
    "sg_arg": 0.095768,
    "sg_putt": 0.025111,
    "da_z": 0.431371,
    "dd_z": 0.214332
  },
  "cats_used": [
    "sg_ott",
    "sg_app",
    "sg_arg",
    "sg_putt"
  ],
  "driving_norm": {
    "da_field_mean": 0.5849021039072564,
    "da_field_std": 0.15822789536841927,
    "dd_field_mean": 295.4626019750966,
    "dd_field_std": 12.666231668105409
  }
}