{
  "weights": {
    "sg_ott": 0.047573,
    "sg_app": 0.126594,
    "sg_arg": 0.181973,
    "sg_putt": 0.066033,
    "da_z": 0.415396,
    "dd_z": 0.162432
  },
  "cats_used": [
    "sg_ott",
    "sg_app",
    "sg_arg",
    "sg_putt"
  ],
  "driving_norm": {
    "da_field_mean": 0.7280736568457539,
    "da_field_std": 0.12561887297772725,
    "dd_field_mean": 296.6229636048527,
    "dd_field_std": 12.659463393539934
  }
}