{
  "weights": {
    "sg_ott": 0.053663,
    "sg_app": 0.17983,
    "sg_arg": 0.125152,
    "sg_putt": 0.031349,
    "da_z": 0.492106,
    "dd_z": 0.1179
  },
  "cats_used": [
    "sg_ott",
    "sg_app",
    "sg_arg",
    "sg_putt"
  ],
  "driving_norm": {
    "da_field_mean": 0.5929101796407186,
    "da_field_std": 0.14391243094715545,
    "dd_field_mean": 284.64403500690923,
    "dd_field_std": 8.90434187709635
  }
}