{
  "weights": {
    "sg_ott": 0.275488,
    "sg_app": 0.06983,
    "sg_arg": 0.053275,
    "sg_putt": 0.088588,
    "da_z": 0.432196,
    "dd_z": 0.080624
  },
  "cats_used": [
    "sg_ott",
    "sg_app",
    "sg_arg",
    "sg_putt"
  ],
  "driving_norm": {
    "da_field_mean": 0.5777915789473684,
    "da_field_std": 0.1508261878772571,
    "dd_field_mean": 293.99305263157896,
    "dd_field_std": 16.87271788706992
  }
}