{
  "weights": {
    "sg_ott": 0.178274,
    "sg_app": 0.228486,
    "sg_arg": 0.045944,
    "sg_putt": 0.111198,
    "da_z": 0.361231,
    "dd_z": 0.074867
  },
  "cats_used": [
    "sg_ott",
    "sg_app",
    "sg_arg",
    "sg_putt"
  ],
  "driving_norm": {
    "da_field_mean": 0.510183356195702,
    "da_field_std": 0.14452016304677232,
    "dd_field_mean": 293.86986739826244,
    "dd_field_std": 9.712868259053263
  }
}