{
  "weights": {
    "sg_ott": 0.134543,
    "sg_app": 0.205612,
    "sg_arg": 0.002803,
    "sg_putt": 0.120156,
    "da_z": 0.359865,
    "dd_z": 0.177021
  },
  "cats_used": [
    "sg_ott",
    "sg_app",
    "sg_arg",
    "sg_putt"
  ],
  "driving_norm": {
    "da_field_mean": 0.5565554557700944,
    "da_field_std": 0.1452188636999658,
    "dd_field_mean": 278.86874719353386,
    "dd_field_std": 7.827784871527201
  }
}