{
  "weights": {
    "sg_ott": 0.018827,
    "sg_app": 0.068753,
    "sg_arg": 0.196994,
    "sg_putt": 0.183747,
    "da_z": 0.459757,
    "dd_z": 0.071922
  },
  "cats_used": [
    "sg_ott",
    "sg_app",
    "sg_arg",
    "sg_putt"
  ],
  "driving_norm": {
    "da_field_mean": 0.5512926463231616,
    "da_field_std": 0.14877041553174464,
    "dd_field_mean": 288.7078539269635,
    "dd_field_std": 16.312458111403984
  }
}