{
  "euro": {
    "events": 17,
    "rows": 2409,
    "brier_win": 0.01597934041630529,
    "brier_top10": 0.1536802827406765,
    "brier_mc": null,
    "mean_predicted_win_pct": 0.7055666251556663,
    "mean_actual_win_rate": 0.014744145706851692,
    "mean_predicted_top10_pct": 7.055749273557493,
    "mean_actual_top10_rate": 0.1717259323503903
  },
  "pga": {
    "events": 27,
    "rows": 3136,
    "brier_win": 0.016946698924960087,
    "brier_top10": 0.15088627780734432,
    "brier_mc": null,
    "mean_predicted_win_pct": 0.8608195153061223,
    "mean_actual_win_rate": 0.014901543374135177,
    "mean_predicted_top10_pct": 8.609598214285715,
    "mean_actual_top10_rate": 0.17030335284725917
  }
}