{
  "euro": {
    "events": 14,
    "rows": 1943,
    "brier_win": 0.016203619842602306,
    "brier_top10": 0.15707018572927595,
    "brier_mc": null,
    "mean_predicted_win_pct": 0.7204014410705095,
    "mean_actual_win_rate": 0.014690451206715634,
    "mean_predicted_top10_pct": 7.204323211528564,
    "mean_actual_top10_rate": 0.17523609653725078
  },
  "pga": {
    "events": 25,
    "rows": 2926,
    "brier_win": 0.017181214408540105,
    "brier_top10": 0.15242893941142527,
    "brier_mc": null,
    "mean_predicted_win_pct": 0.8542549555707452,
    "mean_actual_win_rate": 0.015002885170225043,
    "mean_predicted_top10_pct": 8.544087491455912,
    "mean_actual_top10_rate": 0.17195614541257934
  }
}