{
  "euro": {
    "events": 17,
    "rows": 2409,
    "brier_win": 0.01597934041630529,
    "brier_top10": 0.1536802827406765,
    "brier_mc": null,
    "mean_predicted_win_pct": 0.7055666251556663,
    "mean_actual_win_rate": 0.014744145706851692,
    "mean_predicted_top10_pct": 7.055749273557493,
    "mean_actual_top10_rate": 0.1717259323503903
  },
  "pga": {
    "events": 31,
    "rows": 3732,
    "brier_win": 0.016739312683264177,
    "brier_top10": 0.1486130580912863,
    "brier_mc": null,
    "mean_predicted_win_pct": 0.8304742765273312,
    "mean_actual_win_rate": 0.01475334255417243,
    "mean_predicted_top10_pct": 8.306323687031083,
    "mean_actual_top10_rate": 0.1682803135085293
  }
}