{
  "euro": {
    "events": 14,
    "rows": 1943,
    "brier_win": 0.014894320321888413,
    "brier_top10": 0.15656280686695276,
    "brier_mc": null,
    "mean_predicted_win_pct": 0.7204014410705095,
    "mean_actual_win_rate": 0.013948497854077254,
    "mean_predicted_top10_pct": 7.204323211528564,
    "mean_actual_top10_rate": 0.17381974248927037
  },
  "pga": {
    "events": 24,
    "rows": 2770,
    "brier_win": 0.01726828046385542,
    "brier_top10": 0.15326518795180724,
    "brier_mc": null,
    "mean_predicted_win_pct": 0.8662599277978339,
    "mean_actual_win_rate": 0.015060240963855422,
    "mean_predicted_top10_pct": 8.664259927797834,
    "mean_actual_top10_rate": 0.17349397590361446
  }
}