{
  "euro": {
    "events": 17,
    "rows": 2409,
    "brier_win": 0.01597934041630529,
    "brier_top10": 0.1536802827406765,
    "brier_mc": null,
    "mean_predicted_win_pct": 0.7055666251556663,
    "mean_actual_win_rate": 0.014744145706851692,
    "mean_predicted_top10_pct": 7.055749273557493,
    "mean_actual_top10_rate": 0.1717259323503903
  },
  "pga": {
    "events": 29,
    "rows": 3432,
    "brier_win": 0.016937670208643816,
    "brier_top10": 0.14932317734724293,
    "brier_mc": null,
    "mean_predicted_win_pct": 0.8448251748251748,
    "mean_actual_win_rate": 0.014903129657228018,
    "mean_predicted_top10_pct": 8.44965034965035,
    "mean_actual_top10_rate": 0.17039244908097367
  }
}