{
  "euro": {
    "events": 14,
    "rows": 1943,
    "brier_win": 0.016203619842602306,
    "brier_top10": 0.15707018572927595,
    "brier_mc": null,
    "mean_predicted_win_pct": 0.7204014410705095,
    "mean_actual_win_rate": 0.014690451206715634,
    "mean_predicted_top10_pct": 7.204323211528564,
    "mean_actual_top10_rate": 0.17523609653725078
  },
  "pga": {
    "events": 24,
    "rows": 2770,
    "brier_win": 0.017257884202287778,
    "brier_top10": 0.15317353160746539,
    "brier_mc": null,
    "mean_predicted_win_pct": 0.8662599277978339,
    "mean_actual_win_rate": 0.015051173991571343,
    "mean_predicted_top10_pct": 8.664259927797834,
    "mean_actual_top10_rate": 0.17338952438290187
  }
}