{
  "euro": {
    "events": 14,
    "rows": 1943,
    "brier_win": 0.014894320321888413,
    "brier_top10": 0.15656280686695276,
    "brier_mc": null,
    "mean_predicted_win_pct": 0.7204014410705095,
    "mean_actual_win_rate": 0.013948497854077254,
    "mean_predicted_top10_pct": 7.204323211528564,
    "mean_actual_top10_rate": 0.17381974248927037
  },
  "pga": {
    "events": 23,
    "rows": 2638,
    "brier_win": 0.017540823526813878,
    "brier_top10": 0.15467271104100946,
    "brier_mc": null,
    "mean_predicted_win_pct": 0.8716906747536012,
    "mean_actual_win_rate": 0.015141955835962145,
    "mean_predicted_top10_pct": 8.71887793783169,
    "mean_actual_top10_rate": 0.17413249211356466
  }
}