{
  "weights": {
    "sg_ott": 0.105102,
    "sg_app": 0.165479,
    "sg_arg": 0.129172,
    "sg_putt": 0.058781,
    "da_z": 0.406748,
    "dd_z": 0.134718
  },
  "cats_used": [
    "sg_ott",
    "sg_app",
    "sg_arg",
    "sg_putt"
  ],
  "driving_norm": {
    "da_field_mean": 0.5620912364945978,
    "da_field_std": 0.13696339164127608,
    "dd_field_mean": 285.6396758703482,
    "dd_field_std": 8.604941223997432
  }
}