{
  "weights": {
    "sg_ott": 0.046587,
    "sg_app": 0.270352,
    "sg_arg": 0.05483,
    "sg_putt": 0.029228,
    "da_z": 0.420659,
    "dd_z": 0.178344
  },
  "cats_used": [
    "sg_ott",
    "sg_app",
    "sg_arg",
    "sg_putt"
  ],
  "driving_norm": {
    "da_field_mean": 0.6000637802607076,
    "da_field_std": 0.1448996926905913,
    "dd_field_mean": 281.3575884543762,
    "dd_field_std": 7.842008451739042
  }
}