{
  "weights": {
    "sg_ott": 0.096393,
    "sg_app": 0.246066,
    "sg_arg": 0.189224,
    "sg_putt": 0.01635,
    "da_z": 0.28637,
    "dd_z": 0.165597
  },
  "cats_used": [
    "sg_ott",
    "sg_app",
    "sg_arg",
    "sg_putt"
  ],
  "driving_norm": {
    "da_field_mean": 0.6389843749999999,
    "da_field_std": 0.13111605619158145,
    "dd_field_mean": 279.73956473214287,
    "dd_field_std": 8.069556110706241
  }
}