{
  "weights": {
    "sg_ott": 0.050662,
    "sg_app": 0.194107,
    "sg_arg": 0.109469,
    "sg_putt": 0.018154,
    "da_z": 0.506271,
    "dd_z": 0.121337
  },
  "cats_used": [
    "sg_ott",
    "sg_app",
    "sg_arg",
    "sg_putt"
  ],
  "driving_norm": {
    "da_field_mean": 0.5929101796407186,
    "da_field_std": 0.14391243094715545,
    "dd_field_mean": 284.64403500690923,
    "dd_field_std": 8.90434187709635
  }
}