{
  "weights": {
    "sg_ott": 0.071591,
    "sg_app": 0.093808,
    "sg_arg": 0.212367,
    "sg_putt": 0.022823,
    "da_z": 0.406106,
    "dd_z": 0.193305
  },
  "cats_used": [
    "sg_ott",
    "sg_app",
    "sg_arg",
    "sg_putt"
  ],
  "driving_norm": {
    "da_field_mean": 0.5577288051561725,
    "da_field_std": 0.14633071076471596,
    "dd_field_mean": 304.3481903817551,
    "dd_field_std": 11.041512485331744
  }
}