{
  "weights": {
    "sg_ott": 0.166783,
    "sg_app": 0.250671,
    "sg_arg": 0.022594,
    "sg_putt": 0.093716,
    "da_z": 0.406321,
    "dd_z": 0.059915
  },
  "cats_used": [
    "sg_ott",
    "sg_app",
    "sg_arg",
    "sg_putt"
  ],
  "driving_norm": {
    "da_field_mean": 0.510183356195702,
    "da_field_std": 0.14452016304677232,
    "dd_field_mean": 293.86986739826244,
    "dd_field_std": 9.712868259053263
  }
}