{
  "weights": {
    "sg_ott": 0.100259,
    "sg_app": 0.197146,
    "sg_arg": 0.039406,
    "sg_putt": 0.060025,
    "da_z": 0.335917,
    "dd_z": 0.267247
  },
  "cats_used": [
    "sg_ott",
    "sg_app",
    "sg_arg",
    "sg_putt"
  ],
  "driving_norm": {
    "da_field_mean": 0.5688275434243176,
    "da_field_std": 0.14169760921698246,
    "dd_field_mean": 289.15980148883375,
    "dd_field_std": 9.045729067934893
  }
}