{
  "weights": {
    "sg_ott": 0.300504,
    "sg_app": 0.059857,
    "sg_arg": 0.053705,
    "sg_putt": 0.097704,
    "da_z": 0.428769,
    "dd_z": 0.059461
  },
  "cats_used": [
    "sg_ott",
    "sg_app",
    "sg_arg",
    "sg_putt"
  ],
  "driving_norm": {
    "da_field_mean": 0.5777915789473684,
    "da_field_std": 0.1508261878772571,
    "dd_field_mean": 293.99305263157896,
    "dd_field_std": 16.87271788706992
  }
}