{
  "weights": {
    "sg_ott": 0.096332,
    "sg_app": 0.177859,
    "sg_arg": 0.036717,
    "sg_putt": 0.10997,
    "da_z": 0.394076,
    "dd_z": 0.185046
  },
  "cats_used": [
    "sg_ott",
    "sg_app",
    "sg_arg",
    "sg_putt"
  ],
  "driving_norm": {
    "da_field_mean": 0.5565554557700944,
    "da_field_std": 0.1452188636999658,
    "dd_field_mean": 278.86874719353386,
    "dd_field_std": 7.827784871527201
  }
}