{
  "weights": {
    "sg_ott": 0.111557,
    "sg_app": 0.165529,
    "sg_arg": 0.130403,
    "sg_putt": 0.048201,
    "da_z": 0.405471,
    "dd_z": 0.13884
  },
  "cats_used": [
    "sg_ott",
    "sg_app",
    "sg_arg",
    "sg_putt"
  ],
  "driving_norm": {
    "da_field_mean": 0.5620912364945978,
    "da_field_std": 0.13696339164127608,
    "dd_field_mean": 285.6396758703482,
    "dd_field_std": 8.604941223997432
  }
}