{
  "weights": {
    "sg_ott": 0.14474,
    "sg_app": 0.166618,
    "sg_arg": 0.098786,
    "sg_putt": 0.147876,
    "da_z": 0.209757,
    "dd_z": 0.232224
  },
  "cats_used": [
    "sg_ott",
    "sg_app",
    "sg_arg",
    "sg_putt"
  ],
  "driving_norm": {
    "da_field_mean": 0.5078913834951456,
    "da_field_std": 0.14092092706647089,
    "dd_field_mean": 294.3658980582524,
    "dd_field_std": 8.240284281872068
  }
}