{
  "weights": {
    "sg_ott": 0.070998,
    "sg_app": 0.24807,
    "sg_arg": 0.08249,
    "sg_putt": 0.074168,
    "da_z": 0.358573,
    "dd_z": 0.165701
  },
  "cats_used": [
    "sg_ott",
    "sg_app",
    "sg_arg",
    "sg_putt"
  ],
  "driving_norm": {
    "da_field_mean": 0.6000637802607076,
    "da_field_std": 0.1448996926905913,
    "dd_field_mean": 281.3575884543762,
    "dd_field_std": 7.842008451739042
  }
}