{
  "weights": {
    "sg_ott": 0.189866,
    "sg_app": 0.141746,
    "sg_arg": 0.106721,
    "sg_putt": 0.12191,
    "da_z": 0.432535,
    "dd_z": 0.007221
  },
  "cats_used": [
    "sg_ott",
    "sg_app",
    "sg_arg",
    "sg_putt"
  ],
  "driving_norm": {
    "da_field_mean": 0.5921456364647026,
    "da_field_std": 0.15530296531711246,
    "dd_field_mean": 290.94569205113953,
    "dd_field_std": 12.146209855595757
  }
}