{
  "weights": {
    "sg_ott": 0.008325,
    "sg_app": 0.007355,
    "sg_arg": 0.189813,
    "sg_putt": 0.073282,
    "da_z": 0.445245,
    "dd_z": 0.275979
  },
  "cats_used": [
    "sg_ott",
    "sg_app",
    "sg_arg",
    "sg_putt"
  ],
  "driving_norm": {
    "da_field_mean": 0.6110754553339115,
    "da_field_std": 0.14806353632789787,
    "dd_field_mean": 294.0345620121422,
    "dd_field_std": 10.031976973606588
  }
}