{
  "weights": {
    "sg_ott": 0.089859,
    "sg_app": 0.191833,
    "sg_arg": 0.104259,
    "sg_putt": 0.078679,
    "da_z": 0.300179,
    "dd_z": 0.235191
  },
  "cats_used": [
    "sg_ott",
    "sg_app",
    "sg_arg",
    "sg_putt"
  ],
  "driving_norm": {
    "da_field_mean": 0.5549471810089021,
    "da_field_std": 0.1515485080638654,
    "dd_field_mean": 293.5693175074184,
    "dd_field_std": 12.375583282761225
  }
}