{
  "weights": {
    "sg_ott": 0.142449,
    "sg_app": 0.226982,
    "sg_arg": 0.087605,
    "sg_putt": 0.057573,
    "da_z": 0.385069,
    "dd_z": 0.100322
  },
  "cats_used": [
    "sg_ott",
    "sg_app",
    "sg_arg",
    "sg_putt"
  ],
  "driving_norm": {
    "da_field_mean": 0.6462227157360405,
    "da_field_std": 0.19167434490090615,
    "dd_field_mean": 290.3553299492386,
    "dd_field_std": 15.25769158575389
  }
}